city_name,ds,time_interval,seg_id,speed
北京,20191101,022000,1a2f2aceceb6bb64291695224bbe3687,49.94025
北京,20191101,031000,bbbe4c828d55e767f860af831754bd21,50.02929
北京,20191101,235000,88c8018861f3a2c85fcb5c4332c16710,43.68174
北京,20191101,025000,c8430eef15bb12ac6717395ea00a9759,72.02733
北京,20191101,073000,a8d0264b2506629f228469c1ec82ac2f,57.65101
北京,20191101,022000,4d8fb951d6991cbbbb79c552b8b90b36,51.03645
北京,20191101,125000,771e15b40d76deeea630426b94b60b72,57.06141
北京,20191101,170000,771e15b40d76deeea630426b94b60b72,60.85361
北京,20191101,225000,771e15b40d76deeea630426b94b60b72,71.70948
北京,20191101,053000,2311e38d497687b082176ffc0f5c5749,61.05266
北京,20191101,114000,b493a9dd74c2b92809af9377ad7bd379,42.947
北京,20191101,163000,7900e75da894daf6cfa942ff8c92e6ae,70.47059
北京,20191101,081000,f3775db0aa7d8dc732178c59c762b324,63.0608
北京,20191101,112000,df3281511cb82a225b1c1956cf916628,56.98047
北京,20191101,114000,57d225d6d0a783261405aea0d1642dff,55.54913
北京,20191101,120000,57d225d6d0a783261405aea0d1642dff,59.47542
北京,20191101,011000,8b32c16861e86cd137e93b6589fb3657,40
北京,20191101,065000,8b32c16861e86cd137e93b6589fb3657,40
北京,20191101,024000,fdafac6d24874f47f849b57b2826d77c,54.58021
北京,20191101,141000,fdafac6d24874f47f849b57b2826d77c,42.73732
北京,20191101,183000,cdbbc8a4702399820bf2652207e25e0e,36.46334
北京,20191101,235000,6cf19637bae7b811e2638106541d02c8,44.42214
北京,20191101,041000,6e9b2ff8d75b403508b749c9da5698a5,40
北京,20191101,054000,6e9b2ff8d75b403508b749c9da5698a5,43
北京,20191101,122000,f0b5ee78f956834123ef934012263a6d,58.07382
北京,20191101,141000,d2d4565ad6d29a377a04d19a3a25d44c,39.84101
北京,20191101,064000,4585c4601d628a2f2222de38396ee2f0,48.65041
北京,20191101,143000,ea343d2841738cfb04daccdc1eebcc65,59.97333
北京,20191101,121000,cd76fcc9fec1114e6294a98d1419bc72,56.39774
北京,20191101,144000,43603d21d896391c81379374ca6095d8,50.01175
北京,20191101,110000,3cefe6c7a82d1d82574ad0e4c7f8cbba,34.13004
北京,20191101,161000,d2e2d815d18dc0c9990a8ba327dd8db1,25.06121
北京,20191101,173000,d2e2d815d18dc0c9990a8ba327dd8db1,29.23614
北京,20191101,123000,3530704a81152411227b54b6deca4589,44.68983
北京,20191101,182000,3530704a81152411227b54b6deca4589,38.62596
北京,20191101,185000,3530704a81152411227b54b6deca4589,37.4568
北京,20191101,234000,66f977d9adcca9b30c0342435931488b,41.4308
北京,20191101,023000,d9db5f2affd5cfe84984afdf52e8177e,47.18506
北京,20191101,212000,e0cf35c8b484bb2ba82010892d14399f,46.62955
北京,20191101,152000,8de1c65ab6a29275857ede2790751261,41.3938
北京,20191101,184000,8de1c65ab6a29275857ede2790751261,40.08072
北京,20191101,073000,f98c7b19f5e08ffc1e917a64b8c805eb,42.23816
北京,20191101,200000,99a4fc1496ed2c79c0e29700381415f1,39.27542
北京,20191101,041000,d52431784d1fe49acba1714a6aa7bc91,44.29722
北京,20191101,050000,e02b3a865e89d2ba0e2a950400554baf,37.3795
北京,20191101,061000,d4539fe55d5ff8c75c6d2889aa4946a7,43.19414
北京,20191101,135000,63be7108cc689a4971d2ddcd53741611,34.40167
北京,20191101,145000,6ad9acc2c1aa86511fcd9170cf58cf62,36.17595
北京,20191101,100000,bfb5da69b2f3f60ae46e13579b962000,39.93143
北京,20191101,065000,23a5c137507a1d8416cded7fabf72698,46.12819
北京,20191101,133000,23a5c137507a1d8416cded7fabf72698,40.14599
北京,20191101,003000,d58bd348a693590d95f9d60eec7d414a,35.23547
北京,20191101,222000,7b592c3eb6520e18ed91e9e25e0b43de,39.87538
北京,20191101,141000,4ca51f0c6f9b980d6a841745b20ecb9d,48.25209
北京,20191101,061000,2a71f75aca42b04839b85647cd3b7f0b,36.8494
北京,20191101,030000,ce912ef1d8bc2779879aa279ed7c7b62,43.00756
北京,20191101,101000,ce912ef1d8bc2779879aa279ed7c7b62,33.31706
北京,20191101,033000,05b3e4ecd02a05d47486055a14db637a,54.44629
北京,20191101,105000,05b3e4ecd02a05d47486055a14db637a,46.88737
北京,20191101,091000,1a1cc6a5718483786a1eef0eefee1023,46.65843
北京,20191101,143000,6f85c1a189b7671e6737a17f474a1e47,33.81715
北京,20191101,170000,bce2ed9a1943c1db3bda692790bba92e,33.82002
北京,20191101,013000,8f6c5df8bf0269e70231c061d5a7d8d9,37.4705
北京,20191101,023000,8f6c5df8bf0269e70231c061d5a7d8d9,37.0328
北京,20191101,192000,8f6c5df8bf0269e70231c061d5a7d8d9,34.93045
北京,20191101,100000,83417b8839fb7c5224ddd3e8c5ab9a4a,42.89563
北京,20191101,181000,32c1b1e2c5253896e22b35cef7393477,59.19173
北京,20191101,163000,ffaa275a7cee886c0f12efd0c4788d44,61.36227
北京,20191101,115000,fdb312391aae31f1228526e51cf03e72,70.17466
北京,20191101,143000,fdb312391aae31f1228526e51cf03e72,70.6223
北京,20191101,210000,fdb312391aae31f1228526e51cf03e72,69.70004
北京,20191101,231000,2550f638c85fe6d067a3717df4405e99,31.88568
北京,20191101,002000,965bc9751a7515ec7562acdbe3b8c7dd,41.63495
北京,20191101,085000,2ac6affaa96efdca087318a9057ef4e7,43.47507
北京,20191101,074000,17624433fe55ea87741f18c86fd70dfc,41.01697
北京,20191101,080000,1f701eff688cd9fce8a749a886c497a6,35.31909
北京,20191101,100000,1f701eff688cd9fce8a749a886c497a6,36.77701
北京,20191101,075000,b3097c65a4cc4dbb63c925cd9809315a,30.45146
北京,20191101,111000,b3097c65a4cc4dbb63c925cd9809315a,36.10211
北京,20191101,224000,b3097c65a4cc4dbb63c925cd9809315a,39.28123
北京,20191101,224000,a9063b57db35eaa7d47095dd70b518d4,37.38894
北京,20191101,232000,a9063b57db35eaa7d47095dd70b518d4,40.05349
北京,20191101,015000,f313715a2e7c93b8286dd002da889a71,37.79235
北京,20191101,063000,f313715a2e7c93b8286dd002da889a71,35.58617
北京,20191101,004000,372d77986a25d27be23c4a3cd4da6e55,32.59622
北京,20191101,094000,ba96cea62fa3cd6cfa485247e6f15470,43.77281
北京,20191101,175000,ba96cea62fa3cd6cfa485247e6f15470,41.02158
北京,20191101,205000,ef27c75eadfc5cc293deb22884525c24,41.20715
北京,20191101,070000,8a7a65fb73eeaef6b7da1ab21b780a5c,55.48479
北京,20191101,013000,9064e9347384c7648eab2264457687b8,38.24629
北京,20191101,215000,9064e9347384c7648eab2264457687b8,37.16129
北京,20191101,171000,ff0b4282c52a369fd5108ed9d129d19b,40.37644
北京,20191101,083000,1eca7d61d1e87ddad04b2bcdde6069f1,43.8424
北京,20191101,190000,1eca7d61d1e87ddad04b2bcdde6069f1,36.54623
北京,20191101,210000,1eca7d61d1e87ddad04b2bcdde6069f1,41.02517
北京,20191101,062000,ba68eadaff3e1514bbdb5a31d35c4c76,37.55872
北京,20191101,070000,9f8ac37b97e21267219fc6a3b773dbc1,37.73308
北京,20191101,230000,446e64fb0ab6f3a68ae56f518f7580b3,29.82824
北京,20191101,235000,446e64fb0ab6f3a68ae56f518f7580b3,35.71047
北京,20191101,072000,586e58a2795941d161ea9e2dda5689a1,31.62399
北京,20191101,153000,7f229c4cfc1ef54e614d0479fe579348,38.48566
北京,20191101,092000,61c12c0195e40f0a6061ac218ee596b2,31.26803
北京,20191101,071000,493854453352669faaf8d969076eb57c,30.75797
北京,20191101,075000,493854453352669faaf8d969076eb57c,26.38247
北京,20191101,053000,4e525c647f6412cc0bb85052a0b6e997,30.8205
北京,20191101,223000,4e525c647f6412cc0bb85052a0b6e997,29.14305
北京,20191101,093000,c1db3ea15f1b97968ef6807ef400fede,26.9758
北京,20191101,202000,072208623f0fbcf5ce3da10d9ce5c40d,36.2115
北京,20191101,003000,a18e4d7a24139ffd3894f9189ee2aeb2,32.1384
北京,20191101,011000,bb0b167f821b3c8748d7c271ad61ce60,35.51152
北京,20191101,160000,6d3f809f0179818695a56f23bc9f750c,38.50005
北京,20191101,161000,2970e277967ee1f8fd7bafd3eb6651be,37.87717
北京,20191101,222000,0994ade64de848d16807525daf398a00,35.2937
北京,20191101,145000,bb4636581211c01ace132a9b13cd7d3f,40.25193
北京,20191101,110000,238ba1076a884028db30dceb9d7e9960,38.78753
北京,20191101,121000,238ba1076a884028db30dceb9d7e9960,38.82896
北京,20191101,065000,19a6f6dcc39ea0da8c5346cedfe873c0,44.85109
北京,20191101,212000,19a6f6dcc39ea0da8c5346cedfe873c0,47.55837
北京,20191101,065000,b4dd652906515628402420cbe795e793,40.35362
北京,20191101,092000,b4dd652906515628402420cbe795e793,36.49609
北京,20191101,110000,da1093f5c717f82c8685249a3a551493,26.78326
北京,20191101,012000,b5e8d70b0497c93e8194d494e4678b33,44.0854
北京,20191101,160000,b5e8d70b0497c93e8194d494e4678b33,38.72907
北京,20191101,165000,0606e37aaf5ef4cd1007443880dbdd0d,29.17896
北京,20191101,031000,112f8aa0ed3b0601cc9ffaf22dada2de,48.27524
北京,20191101,155000,112f8aa0ed3b0601cc9ffaf22dada2de,45.50066
北京,20191101,023000,2d6ff992eb3b6991086c919759180057,37.9725
北京,20191101,141000,1b9bdc60496733cb54c775e512985f5b,30.75587
北京,20191101,160000,1b9bdc60496733cb54c775e512985f5b,30.49889
北京,20191101,053000,07d51bb749e9600d0da1016fdf0de848,51.35536
北京,20191101,153000,07d51bb749e9600d0da1016fdf0de848,46.01475
北京,20191101,223000,07d51bb749e9600d0da1016fdf0de848,48.25442
北京,20191101,021000,af5cf409e1507c234c34e12b2ea9caa7,44.81799
北京,20191101,112000,af5cf409e1507c234c34e12b2ea9caa7,40.29559
北京,20191101,005000,c4b1b0f5bcb0e24a7b872a6108fd7e52,40.48957
北京,20191101,112000,36c880f8d579681f209aa75bff07d0e6,36.3292
北京,20191101,152000,244ac0ca1b845ea6e8e8d0da1c0914be,33.4547
北京,20191101,233000,244ac0ca1b845ea6e8e8d0da1c0914be,41.77457
北京,20191101,133000,e5266f79e5d96cec0d218cf5d497a9db,42.05568
北京,20191101,111000,205f5b47fab9683551a0a255e29e5c6c,44.65543
北京,20191101,032000,3db2126949873492448b4703cc3791c7,44.42421
北京,20191101,171000,3db2126949873492448b4703cc3791c7,36.74302
北京,20191101,191000,56053b304e4ee9d7f8a53e0d9495aa52,38.69231
北京,20191101,051000,06806218bca2def2029dfcfda93295f7,40
北京,20191101,015000,9951dea484b56b4f716589d5183090b6,42.89672
北京,20191101,123000,0bd7325a9966b22750cf260f78eed0cf,46.54293
北京,20191101,182000,103fa9d29e0e8f54485152531cba9415,39.97754
北京,20191101,140000,bb124fbcb03b35a803c2289cac77b022,44.05906
北京,20191101,053000,68061b18a458d79dc199020b2d3049fe,56.02445
北京,20191101,100000,1134b040cc589b9f610aa5bffb0daeee,44.75639
北京,20191101,011000,0906b61d7af648cf5e05018de784bb20,65.50963
北京,20191101,141000,28511e41193bf276315628a679aaa3cd,46.4212
北京,20191101,163000,28511e41193bf276315628a679aaa3cd,42.67113
北京,20191101,145000,b456f06e9d290998a66c1064f96b4f0b,44.22531
北京,20191101,115000,e7620bbefe92f680d5b9e7ff07d27eed,40.00827
北京,20191101,222000,e7620bbefe92f680d5b9e7ff07d27eed,41.35014
北京,20191101,060000,cb58182f5d9e69f6bbda5a22a22951ab,40.83196
北京,20191101,140000,13fb471bbabee551edfebc4021464400,45.75748
北京,20191101,170000,13fb471bbabee551edfebc4021464400,48.45427
北京,20191101,175000,13fb471bbabee551edfebc4021464400,40.58436
北京,20191101,012000,99addc30d68bec223d4785ec0a5c5b34,45.91544
北京,20191101,013000,99addc30d68bec223d4785ec0a5c5b34,47.44823
北京,20191101,172000,87a1122856ebc7da90ec6f2e49acfca3,35.66145
北京,20191101,143000,3923fb45c4e7adda5d42fc7b39f56ebb,40
北京,20191101,160000,3923fb45c4e7adda5d42fc7b39f56ebb,35.88611
北京,20191101,051000,a78cc298129c8191d392dd4b737aea6b,56.28535
北京,20191101,073000,56c83f593f34aeabc5184ecc502d4658,21.85811
北京,20191101,051000,ce816f1b791139d7b5a9a77fed01a900,41.62611
北京,20191101,061000,e837df669fcd5462039b9329c601e0ad,45.13695
北京,20191101,083000,fdb63ee4b8bb37321f27ffae09514081,53.57531
北京,20191101,180000,fc2cf5d2f97ffcd2cc637efb21584d19,41.30139
北京,20191101,203000,fc2cf5d2f97ffcd2cc637efb21584d19,51.3552
北京,20191101,155000,8df4f78201cea96536aca96ab7c55245,26.67394
北京,20191101,224000,8df4f78201cea96536aca96ab7c55245,31.07393
北京,20191101,035000,5a8fb18f3e84bcda58f06c405ec33886,38.51711
北京,20191101,054000,5a8fb18f3e84bcda58f06c405ec33886,40.57335
北京,20191101,150000,6c050047890e1f1239e1ceecca5d87b9,40.73912
北京,20191101,060000,4c9761022e6318b2d5ca79bd77717cad,26.95862
北京,20191101,181000,7f76f58fc2589fae1d4d825c1a94b2a5,32.93678
北京,20191101,045000,567b75fc66b1521000a6a4c5e641e32a,29.66806
北京,20191101,194000,567b75fc66b1521000a6a4c5e641e32a,9.547097
北京,20191101,044000,daed5ba27160f2534ab00cb8a8e4c387,42.20049
北京,20191101,070000,c9ff91727b5a2dcfa38520555d4acd5a,52.92938
北京,20191101,010000,36d50d18825a44086f458b6a2d14748e,48.30891
北京,20191101,093000,36d50d18825a44086f458b6a2d14748e,40.3129
北京,20191101,133000,36d50d18825a44086f458b6a2d14748e,38.73751
北京,20191101,214000,6f4a8aef9b6982e87a36d4a0a85676bb,27.43925
北京,20191101,072000,992ea4fd276458189ed5ba716e3a7ad5,25.30921
北京,20191101,195000,992ea4fd276458189ed5ba716e3a7ad5,21.1636
北京,20191101,192000,d33f42843366cba3a57e675a81489386,34.55812
北京,20191101,104000,c7cd8e31ce499019b468387db308e967,36.64703
北京,20191101,164000,c7cd8e31ce499019b468387db308e967,29.21622
北京,20191101,185000,eb3179b36d2018c33e30ef93904a36e7,41.49285
北京,20191101,071000,72da9e5ba20968cf14416cb253697baf,22.91708
北京,20191101,014000,807f66326cf9bca949ea66918b49e949,27.87731
北京,20191101,011000,72ac55cd3617d1b0bb868d2b13976567,26.71437
北京,20191101,111000,72ac55cd3617d1b0bb868d2b13976567,26.5001
北京,20191101,132000,11e346c0d817057a9c6051475e81bbb9,38.30218
北京,20191101,220000,9101e96f46a104dd7c979c421d2c855a,38.36343
北京,20191101,184000,1b524e9b97f95b999220d762c3896b57,34.21218
北京,20191101,220000,1b524e9b97f95b999220d762c3896b57,35.82988
北京,20191101,151000,70959ea073170c91096b1154ff6f9252,32.6872
北京,20191101,135000,cf8f05f2ae33e879f8fe7cd95849dc33,38.84476
北京,20191101,133000,ee9b0271cb2a6655a86262ff3e7af531,38.39521
北京,20191101,221000,ee9b0271cb2a6655a86262ff3e7af531,46.13873
北京,20191101,073000,1830bbf205cbfe041bcaa79feef222ff,42.31575
北京,20191101,114000,a1cae397ce0b71650e8d736dd2fc9d6e,52.51499
北京,20191101,000000,577916ae3e5559129335cb49f944e9cc,53.98421
北京,20191101,022000,36afd323de2168b157bf689f9ff0b97f,38.35592
北京,20191101,132000,36afd323de2168b157bf689f9ff0b97f,30.35649
北京,20191101,141000,36afd323de2168b157bf689f9ff0b97f,35.04973
北京,20191101,030000,ddf0eaffcebcd10cefb29306ed85e754,42.03405
北京,20191101,025000,82225b851b1760f0f6184d9a47814b27,35.59118
北京,20191101,084000,5514f3afe5e8e8d83f76bd77830e9158,33.97024
北京,20191101,100000,5514f3afe5e8e8d83f76bd77830e9158,34.47205
北京,20191101,133000,ebbe984ffdc2f1a87d795e42035198c0,41.48045
北京,20191101,120000,48f7476377691695f9430dde9e81a204,38.8399
北京,20191101,205000,48f7476377691695f9430dde9e81a204,38.44135
北京,20191101,140000,aedbae394d7cf202bad08dcc48116482,50.58683
北京,20191101,142000,6e0b4025cc4f65e69e437f9be67ecfa7,57.99625
北京,20191101,144000,6e0b4025cc4f65e69e437f9be67ecfa7,57.80048
北京,20191101,172000,4f8d87de0b42cb77a0e27c48e8702c39,12.70959
北京,20191101,030000,b561ba50c49e9cd2243a3e7355be66a8,49.31894
北京,20191101,075000,b561ba50c49e9cd2243a3e7355be66a8,40.51856
北京,20191101,114000,b561ba50c49e9cd2243a3e7355be66a8,49.93871
北京,20191101,173000,d33a4f3d894f7292547fbf4b1a70eb92,64.6
北京,20191101,214000,d33a4f3d894f7292547fbf4b1a70eb92,69.5
北京,20191101,031000,3a2389a60c92604cc3523a0b4357bdc7,39.01233
北京,20191101,023000,75c521e9c7d9d72946718d07baa91223,46.62212
北京,20191101,075000,75c521e9c7d9d72946718d07baa91223,34.83604
北京,20191101,141000,75c521e9c7d9d72946718d07baa91223,39.86103
北京,20191101,170000,75c521e9c7d9d72946718d07baa91223,37.80431
北京,20191101,090000,5493f4e2d79816414a1b1d4d185d92f6,54.74654
北京,20191101,012000,a8cf8ac9e800887025f78d1b11859ac5,41.90728
北京,20191101,042000,8f9974e65564e13173c75ad93628d0be,40
北京,20191101,114000,8f9974e65564e13173c75ad93628d0be,42.74059
北京,20191101,012000,d7f6ec5e8875a95b186f4bb128e2f3ba,39.63668
北京,20191101,221000,d7f6ec5e8875a95b186f4bb128e2f3ba,39.4829
北京,20191101,091000,e2def73b830b9300aad6997c2573883d,37.57791
北京,20191101,130000,e2def73b830b9300aad6997c2573883d,34.01947
北京,20191101,062000,3b4d743e8759fcc035935e1fd6c996db,42.44338
北京,20191101,200000,3b4d743e8759fcc035935e1fd6c996db,41.5361
北京,20191101,233000,24f58e798cb3b8c20b2afc21171eaaf3,47.34451
北京,20191101,013000,a84b1a0cd415a08a5158b2af8e0cdb0b,36.89571
北京,20191101,231000,79c659d4395514f9310017041ec27703,53.3737
北京,20191101,194000,d8f27f43433583571a41cc18d9b48788,54.10556
北京,20191101,060000,c62bf7c17a65538243ebd38e27ff2f29,36.19905
北京,20191101,160000,c62bf7c17a65538243ebd38e27ff2f29,14.72461
北京,20191101,103000,051447198cd921bae2476708685e50f7,33.25075
北京,20191101,130000,051447198cd921bae2476708685e50f7,36.26258
北京,20191101,010000,3994add0a3e3fbcf84a15a799c896142,38.85922
北京,20191101,163000,3994add0a3e3fbcf84a15a799c896142,25.93975
北京,20191101,090000,1ac97e0acce56fd371d51307f455a8b1,31.7955
北京,20191101,131000,79b18940a1e585db5cf6194fa1c30ba4,35.12091
北京,20191101,151000,79b18940a1e585db5cf6194fa1c30ba4,36.27006
北京,20191101,024000,42177c0ad32cb73fa5295b883b688151,39.57973
北京,20191101,095000,42177c0ad32cb73fa5295b883b688151,30.94954
北京,20191101,083000,2a08657fb143ac6cee685f4abdc88995,22.68385
北京,20191101,140000,2a08657fb143ac6cee685f4abdc88995,32.95951
北京,20191101,002000,422f7b83b038cc263f780dea25a3d8ba,28.85035
北京,20191101,040000,422f7b83b038cc263f780dea25a3d8ba,34.31923
北京,20191101,121000,7eb478bb60d394b3319ccabb9989c003,38.1176
北京,20191101,180000,7eb478bb60d394b3319ccabb9989c003,29.42101
北京,20191101,173000,7177ab6f59b4b083491c28402991bfd1,42.86778
北京,20191101,112000,abf90056824ed05a22f7b93fe093d3ac,30.53261
北京,20191101,085000,657b4e74037712821fe19e63bd11e3e7,33.41838
北京,20191101,172000,f521c6ed40e4dda33706f6e845417456,31.19366
北京,20191101,002000,44aa911134dba9b66cff92a7ac002946,38.68848
北京,20191101,152000,8edc5d2d7f84cbb18b711d0c2a92aafe,37.22999
北京,20191101,113000,51ce375896d4dd1723d789e2ca392dc3,30.80271
北京,20191101,160000,305cc050e91e30b75b5c84dd6d285e6e,50.62005
北京,20191101,100000,5d077ec199d72e6cf6205f284aeb5462,30.91319
北京,20191101,125000,5d077ec199d72e6cf6205f284aeb5462,29.82354
北京,20191101,191000,c90a638cdc435e0b171004c4e3aeafb9,27.27658
北京,20191101,154000,62f1cd83f582b30cb99de87449e0ad69,31.7715
北京,20191101,171000,62f1cd83f582b30cb99de87449e0ad69,29.89952
北京,20191101,141000,4537d9b9e37d6be7616db7fe3b748df8,45.98801
北京,20191101,031000,3d62feb5f06fd77578e01f9195506427,37.8464
北京,20191101,054000,2bea26c8c8d271b20bf8b615684c53a3,31.95877
北京,20191101,213000,2bea26c8c8d271b20bf8b615684c53a3,32.6152
北京,20191101,083000,8baebe8c2f6f3303cce9203a6fafad5f,39.05993
北京,20191101,191000,8baebe8c2f6f3303cce9203a6fafad5f,32.52788
北京,20191101,220000,cb9d07814a50d3f25f1d441f11842952,53.10617
北京,20191101,220000,cd64588c78cb89f321af0716290e0848,33.30151
北京,20191101,162000,62ab465f2908a635b32b167b40ad8176,41.57923
北京,20191101,101000,c61d3c8eac32f1acd58e323c1a79fde1,38.58491
北京,20191101,064000,0feac360209f9eeba5235bd6824ad094,42.76196
北京,20191101,022000,e2932964397da71881912e9367b9280c,30.84369
北京,20191101,110000,e2932964397da71881912e9367b9280c,37.47706
北京,20191101,203000,e2932964397da71881912e9367b9280c,31.44034
北京,20191101,004000,666b23990e1c36ec97fd2554a75b65ed,37.38279
北京,20191101,021000,02a629e761a80e9d2f001945cf91d902,33.89696
北京,20191101,020000,ddb9a3f9219511a35f045cdbeb374ea3,42.15813
北京,20191101,074000,ddb9a3f9219511a35f045cdbeb374ea3,37.83398
北京,20191101,231000,ddb9a3f9219511a35f045cdbeb374ea3,42.03965
北京,20191101,060000,c42e5ce3ccd1dbc1e06a04612ec82dd1,40.50102
北京,20191101,075000,c42e5ce3ccd1dbc1e06a04612ec82dd1,35.55242
北京,20191101,104000,bb943a2569d721bcfe751f25cfb42958,37.46664
北京,20191101,155000,a6fb701e555b591b65c3a157ac0cca86,36.71124
北京,20191101,090000,79f8b196272fa0d341ba6299e2c1127d,54.44514
北京,20191101,005000,89194babc8bd271c2595d931c24f49d4,48.88266
北京,20191101,062000,89194babc8bd271c2595d931c24f49d4,48.35215
北京,20191101,000000,2303c1b156f91ccd5471078662a7815b,28.8112
北京,20191101,134000,2303c1b156f91ccd5471078662a7815b,25.22542
北京,20191101,231000,3a100ec062d9a3551336673e7dbb5056,22.87764
北京,20191101,064000,6e74dd70411c53afd904e09db21ea656,41.01605
北京,20191101,001000,e58ddf2663ab64778e9e108eff9c0a8a,38.55283
北京,20191101,102000,e58ddf2663ab64778e9e108eff9c0a8a,34.4973
北京,20191101,101000,59d69e65238fc95c8abc8873759b9ed0,38.46502
北京,20191101,122000,080ef64e227ce83f113b973795e1a27c,37.57635
北京,20191101,103000,2fe7523dfe891b015ca9f7f8e520b64f,44.14813
北京,20191101,020000,457c63752ed259cb7b680cc4035f9ada,40.74481
北京,20191101,130000,3031ca79251404667fb74bf516f9ccc1,29.91677
北京,20191101,073000,a0e4c63e0bea8c029b2c1717bdd0c871,37.7
北京,20191101,105000,a0e4c63e0bea8c029b2c1717bdd0c871,39.3
北京,20191101,145000,a0e4c63e0bea8c029b2c1717bdd0c871,34.2
北京,20191101,191000,d74f751aec64b22a66f890fc4be64b3e,35.24286
北京,20191101,040000,97d130ce16c9fe2ddcbe320108d6afa9,48.00313
北京,20191101,072000,97d130ce16c9fe2ddcbe320108d6afa9,32.54956
北京,20191101,145000,97d130ce16c9fe2ddcbe320108d6afa9,30.40822
北京,20191101,164000,0c224fbe1f362695ec3acb0e0ed47e57,26.91568
北京,20191101,064000,5d46738010a62c399adbe559b129c60d,36.04686
北京,20191101,095000,5d46738010a62c399adbe559b129c60d,26.10646
北京,20191101,150000,f0a28248a3660c2f14d7845a0154b2b3,40.54008
北京,20191101,111000,57c4f09e06cfc538c5f34afa945da99e,49.89239
北京,20191101,193000,8b3cddc4f262ed091203929a78f127b9,43.18007
北京,20191101,202000,f693cfc1993d1e69edead5d821dc66e2,32.96824
北京,20191101,124000,7f5e39dc664eb9d1dbdacaa58c217d29,28.88584
北京,20191101,063000,ec1fb8f2b82d835540e93ea88eb96736,34.81917
北京,20191101,233000,ec1fb8f2b82d835540e93ea88eb96736,34.97185
北京,20191101,080000,82327266a1c83e8f712763d836389d6e,29.17561
北京,20191101,141000,82327266a1c83e8f712763d836389d6e,29.12716
北京,20191101,110000,31468e73e966a053677a049612e24015,50.00104
北京,20191101,025000,ba783d44fbaa8ecbf3f963ac8baeb6e9,61.92995
北京,20191101,092000,850ccd1d0479cf3d1d582c1c359e3bf1,34.69473
北京,20191101,174000,850ccd1d0479cf3d1d582c1c359e3bf1,33.45179
北京,20191101,054000,b34aa260e505864def28ed8db08b871e,39.38998
北京,20191101,010000,dc48a91130f102a1a5cb362f703e1323,50.15534
北京,20191101,031000,dc48a91130f102a1a5cb362f703e1323,45.9818
北京,20191101,044000,dc48a91130f102a1a5cb362f703e1323,43.9685
北京,20191101,231000,3a2389a60c92604cc3523a0b4357bdc7,34.1847
北京,20191101,144000,37945bc671255002cd3b781d1d68dc60,31.77183
北京,20191101,233000,37945bc671255002cd3b781d1d68dc60,36.26503
北京,20191101,010000,d86e44e4db9c10bbc08b08966fa91d7d,34.62414
北京,20191101,014000,d86e44e4db9c10bbc08b08966fa91d7d,35.7609
北京,20191101,212000,d86e44e4db9c10bbc08b08966fa91d7d,34.86697
北京,20191101,212000,6c928734de7c1420a170955b87749cc5,52.26778
北京,20191101,034000,eea8dd4a5ace5e1c7b6a657fde01f0b0,53.43045
北京,20191101,052000,814d98620f4246a07485c64eb32a8232,51.0414
北京,20191101,120000,5cac2b345c88ba6534cf99996b57601b,37.38533
北京,20191101,152000,348f16195ac460f650b24e378e643c4e,32.05929
北京,20191101,212000,348f16195ac460f650b24e378e643c4e,38.96614
北京,20191101,074000,d2373f93e1e9bd8afd8de8f6b8d65599,21.93649
北京,20191101,085000,d2373f93e1e9bd8afd8de8f6b8d65599,30.56313
北京,20191101,171000,d2373f93e1e9bd8afd8de8f6b8d65599,25.3632
北京,20191101,182000,6fc683b118a83ef3ce399d70bc26caa1,31.66752
北京,20191101,195000,6fc683b118a83ef3ce399d70bc26caa1,33.80817
北京,20191101,084000,4c284e9c14b88677de519a22dfc1f06d,34.68684
北京,20191101,041000,c93580bcac14ab0bbb0c9467ac5ee3d4,39.10881
北京,20191101,141000,c93580bcac14ab0bbb0c9467ac5ee3d4,31.47538
北京,20191101,151000,c93580bcac14ab0bbb0c9467ac5ee3d4,30.66205
北京,20191101,123000,57297c7de593bf76c12082770bac00e6,36.20721
北京,20191101,044000,81ad3e4c50d11254133f0478cf418668,46.17026
北京,20191101,134000,81ad3e4c50d11254133f0478cf418668,32.61424
北京,20191101,030000,b8ddb5a8c665b453b152f120583e3d9f,34.79055
北京,20191101,100000,b8ddb5a8c665b453b152f120583e3d9f,23.39968
北京,20191101,211000,e470cb21da236aa408005efd6dac5cce,25.76299
北京,20191101,020000,dca04e7b8dca3ee2d7a7d402388dc80b,45.74918
北京,20191101,051000,dca04e7b8dca3ee2d7a7d402388dc80b,36.20702
北京,20191101,153000,e22395a81f86c78a3c59396e8b19d5a7,37.16675
北京,20191101,160000,65b8191cceb5920f5e32d49d615b3784,37.8
北京,20191101,102000,cddb6e29387c1d6f16edd6793afa105f,48.00958
北京,20191101,165000,16f397fbd2be746d5c3d24ae193bc9c0,39.18634
北京,20191101,132000,49bb12f6d8b0c807e515271d60bcdf1f,37.20526
北京,20191101,163000,c90acac257817007be006a0a1c6d9c4a,37.46288
北京,20191101,032000,f48d1805b5b19a1993694b378682ee39,40.4269
北京,20191101,172000,f48d1805b5b19a1993694b378682ee39,36.45004
北京,20191101,072000,6bd2e1160ae2e35fdea6e9df7e722976,23.87199
北京,20191101,185000,e971a765a4955de0ac68c1239c0063b5,25.618
北京,20191101,231000,e971a765a4955de0ac68c1239c0063b5,44.55562
北京,20191101,031000,156f2d61da2305e7cca9b69f25d2df47,41.84935
北京,20191101,061000,3434299ff1140eb9e6709dec5c011ec1,34.14941
北京,20191101,095000,3434299ff1140eb9e6709dec5c011ec1,34.14257
北京,20191101,192000,887d8f69014c4c6d229b89294b8fdbcc,28.7792
北京,20191101,131000,69489cb9288210571e53b35008381de7,41.64453
北京,20191101,075000,6fb545f8bd81658151fa1243e29acfc8,27.2659
北京,20191101,211000,ccca7db3b74827d778ac90b5ca04b147,32.62496
北京,20191101,090000,13aa94c49c535390d12361711116e450,39.61646
北京,20191101,020000,c0d0d4effd522d79de31edb626cee36e,35.51401
北京,20191101,083000,c0d0d4effd522d79de31edb626cee36e,32.15394
北京,20191101,165000,847a83449a48a6837beeb0a393474074,24.3884
北京,20191101,180000,633eb629ff649410f80810f1c80a0126,31.06828
北京,20191101,072000,abd02bc7a317fe314354c1ad717d2808,29.02388
北京,20191101,121000,14567251ae1521ba99067800fedadee0,35.88217
北京,20191101,121000,0006296001a88da8072bc8f4a6d828a3,37.72066
北京,20191101,212000,070a59e36a1ebf571be141772ef4e302,28.07674
北京,20191101,174000,f94d07561b014f64034a9294fb96fb17,7.773934
北京,20191101,032000,0f34fe6be20072d55d71f668723ab0ba,28.75463
北京,20191101,094000,0f34fe6be20072d55d71f668723ab0ba,21.03686
北京,20191101,184000,3db55b6859aa574dde3e9fe06c342324,19.24753
北京,20191101,081000,f03315d7d0cb19b9aac998b3defdc56d,30.67789
北京,20191101,054000,11e7abc7dc020c2589c14d909eaaeeda,34.65801
北京,20191101,040000,10f7702ee0320dca78d75b5751eb724b,29.46555
北京,20191101,174000,10f7702ee0320dca78d75b5751eb724b,20.24959
北京,20191101,212000,f76ff0fe407c4388811eaa73a0a80aa9,40
北京,20191101,233000,f76ff0fe407c4388811eaa73a0a80aa9,40
北京,20191101,223000,0829f765ddbbe02a22616c3b536076b9,44.06458
北京,20191101,200000,a5029badd6aaf0a6523302edabc6a258,40.53797
北京,20191101,134000,25ba0cdc67a14d08ad6b6fe3747d8ddc,38.50618
北京,20191101,225000,b5a713e77ffb66b5593f52fd48c00471,48.76018
北京,20191101,013000,85844f26ba253c4c0a698bd0ad46a0f6,49.61174
北京,20191101,033000,85844f26ba253c4c0a698bd0ad46a0f6,41.37312
北京,20191101,151000,ea9e7cfe7b61f2f7f549ef821293a69f,44.47075
北京,20191101,135000,56f52b777cf90473db371f3424a4c90d,44.3771
北京,20191101,175000,f17b18cd8f67bfe57468641bcf34ac18,43.8254
北京,20191101,024000,40166d9b49bda6e8c1b07917a7347b0a,40
北京,20191101,035000,0d046df3ba09e35a80994f4dc4c2f834,50.61437
北京,20191101,135000,8ce91ab9f9bb45ab191d3a7337b3c406,33.96178
北京,20191101,013000,c0332a77ed7375df9efef4f0a4a69096,42.87967
北京,20191101,143000,c5f4a98d7021e7f71eca577b1c249e84,54.32806
北京,20191101,100000,d9548e53bf94be4b71236d8b09b7c587,31.92655
北京,20191101,072000,d23c2a38560107b13c9fa22a9fff445e,24.19467
北京,20191101,013000,0a7be1e7d6936b6018306a774cefb158,34.68983
北京,20191101,014000,0a7be1e7d6936b6018306a774cefb158,33.71869
北京,20191101,033000,0a7be1e7d6936b6018306a774cefb158,32.06709
北京,20191101,112000,0a7be1e7d6936b6018306a774cefb158,29.3564
北京,20191101,035000,19bd7a3c0eb81b3ffc83c0896589fe7a,34.24418
北京,20191101,165000,c11ee004a521e3af797ef9dd2692eb53,16.24155
北京,20191101,021000,1024ea275c062090be49a69264ab8b21,29.94204
北京,20191101,003000,3cc843810c76d949361d13b6dae6c2f8,31.47447
北京,20191101,161000,3cc843810c76d949361d13b6dae6c2f8,31.9384
北京,20191101,042000,70168d66826a7facd5ad13fb61295887,36.59874
北京,20191101,191000,70168d66826a7facd5ad13fb61295887,23.98952
北京,20191101,221000,70168d66826a7facd5ad13fb61295887,26.06133
北京,20191101,142000,c89cbb2524b8763517f13342b24f6887,25.76278
北京,20191101,013000,a42977d43aa62ece6c470ba06ad7657b,33.20978
北京,20191101,131000,82ff13f8fed0b82f9a954ce14a5ad8a2,32.44076
北京,20191101,205000,5bd75c816ed0f3e80071f5748b649493,28.42282
北京,20191101,170000,e15d39c7a21c05962addc55bece67c70,28.5601
北京,20191101,223000,8108c1f51207803b777bbc4198d1aa0d,31.95936
北京,20191101,153000,3d4418e58d6e02604f1db8162b894ae7,41.53154
北京,20191101,165000,58c87a38788f8b2ecad73007e281908f,44.46441
北京,20191101,183000,653619a2705c63eed56d46d205380f9e,25.63583
北京,20191101,163000,116800692636a784105f0e599655bfd3,30.77981
北京,20191101,210000,48752f740b94f84987f4f51d514209b9,26.47426
北京,20191101,175000,8b663ffcc161a6a99fdbffe27e1e9401,14.80617
北京,20191101,082000,d3ad34fdc197a6f7867576b6ccee74ca,33.47677
北京,20191101,094000,d3ad34fdc197a6f7867576b6ccee74ca,34.35487
北京,20191101,120000,d3ad34fdc197a6f7867576b6ccee74ca,36.3315
北京,20191101,122000,2669ba99b46ea749625f171ff6120afc,37.45966
北京,20191101,124000,2669ba99b46ea749625f171ff6120afc,39.88368
北京,20191101,122000,1909a38d754428ce7191678059a07f5d,39.5424
北京,20191101,215000,7841d5bbaf0b5d7e3297225e460ca448,33.42921
北京,20191101,023000,4fef0eca82ac641c0847af179ca61c8a,50.1652
北京,20191101,113000,f31cdd1d28aac0537f1f562c66297270,33.0507
北京,20191101,182000,f31cdd1d28aac0537f1f562c66297270,29.27364
北京,20191101,080000,1755f650a09b48ddf09ef89539fffdfe,26.70065
北京,20191101,053000,657506965c8db6f71d58294b30daeb9c,33.74852
北京,20191101,073000,657506965c8db6f71d58294b30daeb9c,37.60294
北京,20191101,095000,e4bab6cc674d3b6dc9be7651b0a454ee,28.56658
北京,20191101,063000,6c9d4bb49bbaaf0aabc578db05752b4c,28.37166
北京,20191101,205000,93e1ef2f52f9c72ed3c52a958d1d184a,24.52713
北京,20191101,105000,5ea66c72b3acb2e6ac495ca786da4846,28.13804
北京,20191101,064000,64c732c36364d30c02d1bc587acf3669,48.0323
北京,20191101,034000,7c301219ab916a838d85165ed3bfa91e,47.07183
北京,20191101,015000,de1b21deda2b61fddec976d3efc68391,47.10546
北京,20191101,015000,86690a34ff7bfd572c9641f0963fbccf,38.36277
北京,20191101,102000,565a4c9526937907856617c3711647df,31.00156
北京,20191101,043000,bf999067671fc6f11409aff1ac08ddaf,41.91723
北京,20191101,143000,eaef29af2138c132090b2a4de3c27d59,33.08947
北京,20191101,143000,6b51d3a4fd65b33e25c53f31e27a5471,52.79454
北京,20191101,041000,1b397b27cf30502f1cd2d1c697991276,44.66721
北京,20191101,044000,1b397b27cf30502f1cd2d1c697991276,46.14409
北京,20191101,075000,1b397b27cf30502f1cd2d1c697991276,39.72446
北京,20191101,183000,1b397b27cf30502f1cd2d1c697991276,30.40807
北京,20191101,005000,c3b3a3334ef5497ab6c8c16d46ee81e8,60.7881
北京,20191101,071000,c3b3a3334ef5497ab6c8c16d46ee81e8,65.25108
北京,20191101,080000,371826f5f17c85486f28a1f94729361b,35.95969
北京,20191101,181000,2bdbe4b2d4d205192025ab91256c6626,46.75307
北京,20191101,105000,4919b9913ad83b406b8096256e34a758,49.47862
北京,20191101,025000,ba8f4eede95116a5f32f44cbc4e2405e,46.89573
北京,20191101,171000,f4cd63ea3e91d6504b11c334a73050d0,38.23582
北京,20191101,085000,5e818773fe63eea4dbe5a74a8e064644,43.13399
北京,20191101,010000,9b893a90e386b5604379ebb4615ee2fc,34.41794
北京,20191101,204000,9b893a90e386b5604379ebb4615ee2fc,24.82867
北京,20191101,205000,40166d9b49bda6e8c1b07917a7347b0a,41.20304
北京,20191101,090000,5613fc5020c7a9b47b557ca486a8f475,40
北京,20191101,000000,9e6368be9da5fe560c4701aba5b531b4,40.58076
北京,20191101,133000,9e6368be9da5fe560c4701aba5b531b4,40.86326
北京,20191101,220000,9e6368be9da5fe560c4701aba5b531b4,42.35548
北京,20191101,020000,89f30a9103f1cb379d31a279eca5e781,39.09869
北京,20191101,050000,3a102b30c81fde30b65d3973cd9e51c8,48.41233
北京,20191101,083000,3a102b30c81fde30b65d3973cd9e51c8,58.64904
北京,20191101,003000,46b55414386dac3d3d8c773a7138a47e,57.34232
北京,20191101,042000,d26f3ddbdf170f6498ae47b738548a3a,38.8863
北京,20191101,203000,d26f3ddbdf170f6498ae47b738548a3a,29.18172
北京,20191101,233000,7eaa32b81bc372504c1e19877722189c,35.4598
北京,20191101,050000,bf20c8ffb59f8d6b5898c565d6f08b17,40.81489
北京,20191101,134000,bf20c8ffb59f8d6b5898c565d6f08b17,33.57602
北京,20191101,165000,2f6c2c1d81ffd371068ad4d0232f974e,26.50194
北京,20191101,191000,2f6c2c1d81ffd371068ad4d0232f974e,31.36867
北京,20191101,075000,62b372d1ebc1e89b48428d7924fdb337,28.90114
北京,20191101,090000,0e439047ae7d9b1d2933c8109e5f3798,40.0419
北京,20191101,085000,989e253d35ac33551e06af7291932e46,32.8117
北京,20191101,163000,989e253d35ac33551e06af7291932e46,38.65871
北京,20191101,113000,a08e39afc7532177e98dfcd530b045ee,38.70163
北京,20191101,232000,6c2ea531f96013e177b1ba43e6deba09,31.67373
北京,20191101,033000,62e6e7381bd0f33c59199ec209292061,47.45733
北京,20191101,022000,0ba2fea9b2b2de5b221639148394e846,45
北京,20191101,062000,a9f14f20411b8c2ea7477118157a90eb,35.56396
北京,20191101,123000,62f42e39d306d82efab724215b956f51,31.24766
北京,20191101,195000,62f42e39d306d82efab724215b956f51,28.24706
北京,20191101,014000,e11077ff555bf4b3d8e6cd27ffb4f99b,29.71017
北京,20191101,053000,e11077ff555bf4b3d8e6cd27ffb4f99b,40.77119
北京,20191101,052000,1053a1f8d3a3750bc6256d049d25d201,34.10848
北京,20191101,120000,e9f25c611064ccd4fe544d7602d741b4,30.05247
北京,20191101,124000,e9f25c611064ccd4fe544d7602d741b4,32.60027
北京,20191101,160000,e9f25c611064ccd4fe544d7602d741b4,28.66726
北京,20191101,094000,8984d9c79c6f1dce02b3cdc88130ee41,34.82565
北京,20191101,093000,49e0c576e582b039f4bec07e6cc6c0dd,33.57627
北京,20191101,072000,deec1b778a57d65fc46b59c1a021d618,23.89916
北京,20191101,203000,dc48a91130f102a1a5cb362f703e1323,39.27647
北京,20191101,045000,eaaa2d7f3951f834a3458aa3571dcf96,65.74758
北京,20191101,160000,b0c797617267ad8e667718b0b426899d,32.79749
北京,20191101,041000,1455d287ca57b7cfa5dda7e500334f3a,35.15351
北京,20191101,142000,4bd421e6dda7b58448241653a783f9df,29.8954
北京,20191101,145000,961b5f6421273f9f493a8d1fd101b699,34.74823
北京,20191101,234000,961b5f6421273f9f493a8d1fd101b699,31.89992
北京,20191101,185000,c5341dbae99b9c4fdca468f5aa1df42f,37.5794
北京,20191101,050000,4741a4aa1c076dc4be455d74d1d0966a,36.97573
北京,20191101,143000,7a445200d7c0b2b419dc782de617eef6,37.33076
北京,20191101,235000,7a445200d7c0b2b419dc782de617eef6,39.19953
北京,20191101,153000,4eaf74351e693116f761b638592acbc2,34.1895
北京,20191101,192000,4eaf74351e693116f761b638592acbc2,34.60525
北京,20191101,020000,7cc42b7f90967985c06139cc49cee754,67.15775
北京,20191101,142000,6395fecec6b0c19ab6bcdcd9db8757df,33.39156
北京,20191101,232000,6395fecec6b0c19ab6bcdcd9db8757df,35.56157
北京,20191101,065000,799fd3a4ef763ea2c24c9ad3bf12df2c,42.47938
北京,20191101,214000,799fd3a4ef763ea2c24c9ad3bf12df2c,38.51584
北京,20191101,085000,8b7321d492b3fb2048902318013aa8a5,43.47515
北京,20191101,145000,ab5bbe39333659009fda4fe87ede3e84,37.30819
北京,20191101,134000,eb449f660c2b9ff8cbf189ae6fbc7de9,36.26759
北京,20191101,225000,eb449f660c2b9ff8cbf189ae6fbc7de9,39.08889
北京,20191101,125000,1d00ff12f83bdba417bb25576bbdf05f,34.12325
北京,20191101,023000,4d3fe61ef14f78ec747734272411dfe8,46.44416
北京,20191101,110000,e7f5256833120ce9374c74cdcb9bd9dd,26.72184
北京,20191101,124000,e7f5256833120ce9374c74cdcb9bd9dd,37.44992
北京,20191101,140000,e7f5256833120ce9374c74cdcb9bd9dd,33.43239
北京,20191101,071000,a39730f927fb3aebdf994fb4325348ea,38.3659
北京,20191101,051000,41c9d7458cdbd0c5a22c89574f4807bc,35.12471
北京,20191101,121000,6745f65d1b0f7c22e46851e834ccc6a5,37.63677
北京,20191101,034000,71da0c4d760f8dfe4e4232a70e79e5bf,36.79909
北京,20191101,080000,ce12a52cdae64413e57dfa4b584b29c4,25.50593
北京,20191101,003000,525431271f391352aab998f91b58b0ef,39.70417
北京,20191101,130000,bb8795f204307a77c2bff201403e8dbc,32.39307
北京,20191101,024000,e7af4b11ae1c04e91b84599f823bb6ca,40.6112
北京,20191101,211000,e7af4b11ae1c04e91b84599f823bb6ca,33.74952
北京,20191101,013000,bc4324f55e0842400fbab6d35e5af014,36.90635
北京,20191101,063000,549db74cdebe542586dddf6da5f6840c,41.30976
北京,20191101,112000,549db74cdebe542586dddf6da5f6840c,38.85719
北京,20191101,214000,814f35333e6c255a8314a73f3f1aa168,33.73624
北京,20191101,232000,c321ce863d2794218a87746dd7eb75ac,40.18147
北京,20191101,090000,f52531428437d8189f5c238bb5026e8a,27.08066
北京,20191101,091000,f52531428437d8189f5c238bb5026e8a,26.81879
北京,20191101,101000,f52531428437d8189f5c238bb5026e8a,24.16312
北京,20191101,113000,96c52469db8c62df272f8def20127ae2,37.14948
北京,20191101,161000,96c52469db8c62df272f8def20127ae2,27.31145
北京,20191101,083000,0ee7b1ed3498f6c6c66f62139aaa8cb5,36.99675
北京,20191101,030000,40afc1b9beccf38536bab855a65fa0bc,46.93815
北京,20191101,041000,40afc1b9beccf38536bab855a65fa0bc,48.00905
北京,20191101,082000,40afc1b9beccf38536bab855a65fa0bc,31.03918
北京,20191101,204000,4d54de369a2fa89bb0ccf6e1bb60bfdb,27.59538
北京,20191101,131000,78fae77288faec13e58e97d6a703e48a,36.75666
北京,20191101,162000,7a37c133fa27d3c609b9596e6f98c1c7,40.31509
北京,20191101,111000,75801729cb3b307f8b63c7c8d5fce506,34.69937
北京,20191101,123000,75801729cb3b307f8b63c7c8d5fce506,35.18038
北京,20191101,233000,423b7f1f65fdb7ac40b11f9e6af00917,40.12638
北京,20191101,105000,65506984c16730a9c8d9b08178ffd80b,31.60512
北京,20191101,040000,e53fca6b79d55ca4b7a26bcc53fbc103,44.54
北京,20191101,003000,6d3783232806bba28820450f33d8b830,49.2522
北京,20191101,215000,4fa11e4a7c6d2a1f663a4b6d63bee44a,40.30273
北京,20191101,220000,7d0d745dd8e56c848e1890f47cbc4a87,43.82443
北京,20191101,005000,9dcb34682b2bfb14a3b5cf6aaa95edf6,42.60046
北京,20191101,050000,bf38fe675f651accda862d54a93a3a2e,47.22233
北京,20191101,135000,bf38fe675f651accda862d54a93a3a2e,8.860934
北京,20191101,182000,bf38fe675f651accda862d54a93a3a2e,12.06715
北京,20191101,161000,3ae659f89642584e9cf3f515f88bd92a,26.81496
北京,20191101,115000,07cdc406d99b992e8c17509c72d8d50f,36.29758
北京,20191101,071000,3c9407d594ba06d6fe99e9740c4454d9,23.7567
北京,20191101,104000,b8cd195f4e5174eceef934cbed2cb52c,46.70373
北京,20191101,125000,6ffac9758b1b229c6a68cb3122923d4f,44.56753
北京,20191101,041000,74747f867c9ceb4fd8189c6281387163,40
北京,20191101,110000,08f32a3e227ea19a4eeafb14e5c8494c,38.17197
北京,20191101,232000,08f32a3e227ea19a4eeafb14e5c8494c,40
北京,20191101,001000,c7abd6c81b5e184bb9ce6f356788a837,40
北京,20191101,024000,c7abd6c81b5e184bb9ce6f356788a837,40
北京,20191101,101000,ff874b922b1561ad4a413cf3bf8dc71e,37.86195
北京,20191101,100000,33d97aeb1a0b4e38c229110b270db7f5,40.89262
北京,20191101,120000,81767aa530f433c5c7143a3167bde0fd,30.69594
北京,20191101,021000,0e6142056749b6499d4fc8f0fd48688f,39.91862
北京,20191101,043000,a52165464b17291f003a120f47e2d08e,44.83732
北京,20191101,210000,7989dc621cb19cfb2bbbdea2230d084d,48.18881
北京,20191101,111000,07fd697f78ba17a524664845e875864b,36.22734
北京,20191101,143000,07fd697f78ba17a524664845e875864b,34.04741
北京,20191101,022000,2d310e31ffedbf085ce77b89711f9ac1,40
北京,20191101,061000,bba91cecb920fc78dc2887ae3d511889,48.67718
北京,20191101,123000,9a1c1e134772859be80d3403cc22a2ee,23.55253
北京,20191101,032000,801cd002039b54c982e880240f449c33,38.71011
北京,20191101,111000,c0e2ee6b52ba19cfe2ed988ef51e6556,40.4
北京,20191101,212000,c0e2ee6b52ba19cfe2ed988ef51e6556,35.7
北京,20191101,021000,4b8a096550755d959022e5e0e2f86de8,37.79324
北京,20191101,101000,028374c7040ffd0e0872afcdff0411bf,39.17283
北京,20191101,195000,028374c7040ffd0e0872afcdff0411bf,39.25886
北京,20191101,070000,f9c5096e46c386ef978894ec6c006141,29.283
北京,20191101,200000,f9c5096e46c386ef978894ec6c006141,35.81785
北京,20191101,062000,422446681200ec010af90894fd39ea61,39.53865
北京,20191101,052000,4205e8b318e6eded02d241f6665e093c,40
北京,20191101,001000,0b05e601441920883a18b6c29d32805e,40
北京,20191101,011000,0b05e601441920883a18b6c29d32805e,40
北京,20191101,211000,21a6b34fda5d1ad6f72cda72971f95ee,35.36353
北京,20191101,023000,6f45632721f14e3e4f995e88da3775ec,40
北京,20191101,050000,6f45632721f14e3e4f995e88da3775ec,40
北京,20191101,213000,6f45632721f14e3e4f995e88da3775ec,40
北京,20191101,134000,4b6242fbf78d0ef5ba0b6b2d5949f86f,40
北京,20191101,182000,4b6242fbf78d0ef5ba0b6b2d5949f86f,40
北京,20191101,194000,4b6242fbf78d0ef5ba0b6b2d5949f86f,28.4752
北京,20191101,025000,7a46fc5706d027e9633622f43a339e8e,47.2429
北京,20191101,025000,a5f28b595a6a9f0ef31e4544a6ff7470,48.32393
北京,20191101,162000,b7778589376d50dbdc744a1776a912ef,36.47633
北京,20191101,070000,92c66e58a4656c4262c5e79c5903c5fe,41.53002
北京,20191101,073000,aa9b2c1d2b3ef311b46d5e9c178765b4,41.01038
北京,20191101,235000,ad78e031408cc235ef2a9b2e28634201,39.15966
北京,20191101,013000,f7a6fd133e918525cf2457d4018ecb09,38.50084
北京,20191101,134000,7980f38a858cb8b595bd79a645f6f337,29.72884
北京,20191101,183000,7980f38a858cb8b595bd79a645f6f337,26.58324
北京,20191101,124000,69a5ca4fe60452b7b32f66639064c029,30.95591
北京,20191101,194000,69a5ca4fe60452b7b32f66639064c029,27.20428
北京,20191101,181000,55479960b52528051efe62206b1ce6a0,38.7568
北京,20191101,115000,4d7b26a5a7302e9e0c653a7b437fd1ba,38.01647
北京,20191101,005000,8302933ed0bb842a412ca9cf3aee231b,43.11369
北京,20191101,073000,ba88ba1439dd9e30fb26563f57f313e8,34.52271
北京,20191101,164000,673c7bbf4d2a8118695c77ff32c4fdc5,46.91651
北京,20191101,220000,1d6fd140515afebdb3134f07969f7b85,32.93621
北京,20191101,023000,0fbd7405fe21e3bc271766992ca226ae,35.62884
北京,20191101,082000,95fa28c781024dd4e5d51263e8ee55e9,16.59053
北京,20191101,114000,95fa28c781024dd4e5d51263e8ee55e9,35.65812
北京,20191101,153000,0c5bb82a3e9246f3bf6b636cc7d173b1,21.52366
北京,20191101,023000,be5575326636fd61990c6f791a1e2927,56.48335
北京,20191101,085000,a6bf9fbdd45d6d78fdf52e8faf38e449,51.98873
北京,20191101,195000,a6bf9fbdd45d6d78fdf52e8faf38e449,48.82234
北京,20191101,202000,f4949abae9e3e20a729772c7065df6f1,42.67377
北京,20191101,104000,1b9649029f87a55bde249027ad219fdc,42.4091
北京,20191101,134000,1b9649029f87a55bde249027ad219fdc,42.94914
北京,20191101,235000,0cb2632658d5ad5992d1d4b4da44453e,51.05373
北京,20191101,160000,0ff4a44aef6b00f6a2b862b9e067f659,36.77065
北京,20191101,202000,c18e5c30a204ad43debddeb6a40d6a1c,35.32509
北京,20191101,215000,54f761f2fa7f5c3b5a1b3be36d75d1ab,36.76488
北京,20191101,001000,2f37c4f004fe9020611eeeb4444367bd,36.04738
北京,20191101,031000,2f37c4f004fe9020611eeeb4444367bd,30.917
北京,20191101,124000,8942cb898b56c48d94a13f5c3d8ad4f4,40.25711
北京,20191101,160000,af45cd6a595a7a435bf1a29e07af3f0a,34.25086
北京,20191101,023000,64ddf3314fb695d3ed318d84a9674148,32.90113
北京,20191101,044000,64ddf3314fb695d3ed318d84a9674148,32.72803
北京,20191101,101000,64ddf3314fb695d3ed318d84a9674148,32.1273
北京,20191101,082000,5dc089765fa339ab29ba292adc62b264,39.88563
北京,20191101,115000,5dc089765fa339ab29ba292adc62b264,39.53694
北京,20191101,221000,5dc089765fa339ab29ba292adc62b264,38.22411
北京,20191101,025000,5e316e7ba5da8675f10227aa837c3fc2,42.11075
北京,20191101,015000,da4611b1253681dcaa60b833e8d12ce3,39.48161
北京,20191101,085000,da4611b1253681dcaa60b833e8d12ce3,29.48753
北京,20191101,074000,d035f9ea04fff56ebf79870330c0d60e,55.62613
北京,20191101,175000,d035f9ea04fff56ebf79870330c0d60e,25.82539
北京,20191101,182000,f9e06aacecaec0a18193364f125abb1c,40.86953
北京,20191101,211000,f9e06aacecaec0a18193364f125abb1c,43.54012
北京,20191101,022000,bcbdc9bc7155c6ff768ab9c6ed5f52df,53.00141
北京,20191101,141000,bcbdc9bc7155c6ff768ab9c6ed5f52df,42.78235
北京,20191101,023000,af9ab7f500618cddcd1b671340cdadb1,51.93481
北京,20191101,182000,af9ab7f500618cddcd1b671340cdadb1,29.95214
北京,20191101,042000,f2fbcb98fbc2ead2b4f614d4b046aa7f,49.21954
北京,20191101,082000,f2fbcb98fbc2ead2b4f614d4b046aa7f,37.13321
北京,20191101,070000,3b62b24bfb71a4653a64bd1091df7890,46.47472
北京,20191101,144000,3b62b24bfb71a4653a64bd1091df7890,43.49059
北京,20191101,151000,e4946548dbbb3f9ac00217e18bb0a0bc,41.40363
北京,20191101,081000,ebf9f846c71fc2f07434e9cd98e5c4c0,32.51564
北京,20191101,181000,994ad8d293dbb01d4cb68a6e971b00c1,34.03262
北京,20191101,033000,f3feee1f81c561cc44b44c7845f4273a,37.42433
北京,20191101,093000,9f0974c0878f1ca5174356ecfa4c12b1,36.75145
北京,20191101,003000,35f714ddbe02db92fa54034852a42a1e,54.51435
北京,20191101,114000,35f714ddbe02db92fa54034852a42a1e,44.81609
北京,20191101,045000,6f969c4caec116a69076a817bca47b05,41.31154
北京,20191101,090000,6f969c4caec116a69076a817bca47b05,32.27851
北京,20191101,114000,069ef421cbb4bdd2ea1d23093d719bc7,41.42933
北京,20191101,010000,8236ac539e4bd6877141c63c0191a63b,46.74421
北京,20191101,231000,8236ac539e4bd6877141c63c0191a63b,50.16273
北京,20191101,151000,de15894036366475523dd27be85d8bed,36.38231
北京,20191101,054000,d8ffac3cb12ea266851ff50d168ba026,40.38407
北京,20191101,211000,d8ffac3cb12ea266851ff50d168ba026,33.33332
北京,20191101,011000,257e0aa75e2a323a7e973b7eeb0ce3b3,49.60791
北京,20191101,181000,9954580fef61ca2d36a7c61d004f914e,38.51891
北京,20191101,231000,9954580fef61ca2d36a7c61d004f914e,43.54371
北京,20191101,125000,6d3f3bd7a86789353524c636ef6e082c,40.95108
北京,20191101,011000,d7d04cba3fb267eec9ac6afb459cafee,47.37403
北京,20191101,113000,d7d04cba3fb267eec9ac6afb459cafee,47.6064
北京,20191101,080000,20d276bd505e94208ae66937859f40d5,34.58535
北京,20191101,175000,0a49f87f6d8613e871de2dcf0ed96eb9,30.54433
北京,20191101,021000,df7f0812d53a046695a5564c57cf5ee4,39.00806
北京,20191101,154000,df7f0812d53a046695a5564c57cf5ee4,28.97956
北京,20191101,091000,dd840931c4aa11e4c126e2f3c69864c2,42.32575
北京,20191101,172000,dd840931c4aa11e4c126e2f3c69864c2,24.87683
北京,20191101,125000,2f1e1ffbd88dd5cd69d16504badd1148,44.90186
北京,20191101,141000,1838a65b101f27be9b553a09c2959ee4,35.75884
北京,20191101,234000,e3b20dcc173cc1a1047b15b911d25706,44.82808
北京,20191101,163000,bf5f5ad132b492277dea16bf892caa75,37.54042
北京,20191101,233000,45a64219d0d90747f6ffe501d22a6a61,30.7845
北京,20191101,090000,4f60b810e0414d561a10de1736084b70,35.54073
北京,20191101,042000,073634cbe3cb656d6a398a5d8dd855dc,40.65432
北京,20191101,212000,e1c4a69ac44813bb7839e9c0a6357394,35.5322
北京,20191101,002000,b64073eacd29d55e46f7e95b0c7bfb60,36.71113
北京,20191101,011000,f3d9b4614905bd8d05cb2471ceeeab2f,33.10577
北京,20191101,054000,f3d9b4614905bd8d05cb2471ceeeab2f,24.63613
北京,20191101,044000,3108d2b24b03320affbd81a1f1fa3386,40
北京,20191101,004000,f51b8d04583df1048e36089e3cd16f86,36.49573
北京,20191101,134000,f51b8d04583df1048e36089e3cd16f86,29.56791
北京,20191101,001000,85a8c9bba5d28553c10b5bea8e64b861,37.73746
北京,20191101,034000,e89d6e4065aa6d00eb0cee3536a5be06,49.85356
北京,20191101,162000,e89d6e4065aa6d00eb0cee3536a5be06,37.74668
北京,20191101,092000,4daef226c51a2a4d1e10e5609f0c3447,20.432
北京,20191101,140000,22204235a85d3194ee00a99e3ebe4cad,35.5313
北京,20191101,015000,ae0aaf1f800032edd47866afad6c349a,34.21416
北京,20191101,024000,27f003c970d458ee767026c369ccd1ad,41.46648
北京,20191101,233000,a153001235f4e00f6822bb4f2afaa5de,41.73671
北京,20191101,082000,6ca9f0b50c959a6a523a77b92973a415,32.01752
北京,20191101,120000,1d6fa6f4fa5ecb5c9c1fe6d8afb45aaa,39.17843
北京,20191101,205000,1d6fa6f4fa5ecb5c9c1fe6d8afb45aaa,40.55679
北京,20191101,024000,a1386bb39cd40dc21ca5e060d402b547,40.35788
北京,20191101,130000,9247421a096c91b5d1ece77dd9c8fe63,42.45239
北京,20191101,124000,9f6a426e7c900d3314795dabc25aacf6,29.80219
北京,20191101,045000,fcd8705e8006489b335046d23fe9f24b,34.86335
北京,20191101,143000,fcd8705e8006489b335046d23fe9f24b,33.25931
北京,20191101,163000,fcd8705e8006489b335046d23fe9f24b,25.86989
北京,20191101,080000,f852e5d5ee155007d83c1ded06ed2d6c,27.939
北京,20191101,112000,f852e5d5ee155007d83c1ded06ed2d6c,32.88809
北京,20191101,205000,bb2571bd945a4d188752dce9ad453981,42.40253
北京,20191101,100000,67676354c11c8147dfd8985202ec47ab,45.34315
北京,20191101,063000,26d4c9efdcc9515a37fb92d97efc83f0,59.17103
北京,20191101,232000,ad9afc1ffbd30acd8f72f1ccc1b4800a,28.73347
北京,20191101,053000,5feda0f03e150ad9087722b94769fec4,42.7859
北京,20191101,124000,5feda0f03e150ad9087722b94769fec4,42.29665
北京,20191101,051000,b3cb357380d68660873a9302c7f43859,47.26911
北京,20191101,134000,b3cb357380d68660873a9302c7f43859,45.65455
北京,20191101,144000,b3cb357380d68660873a9302c7f43859,46.37242
北京,20191101,223000,650e75e2ba4d1da22a7afcb9d2ae7d08,36.81141
北京,20191101,012000,a02db13ccc822b8e97798a548a88ce67,34.02954
北京,20191101,012000,d0dc8df271532126842886672bc0df14,39.71481
北京,20191101,032000,46b68c1e5380f55027e67bd23504e258,31.29016
北京,20191101,100000,85048771278bf921a3e2f1e133b597f2,32.23672
北京,20191101,181000,85048771278bf921a3e2f1e133b597f2,24.88721
北京,20191101,161000,7142d70d72858fb890e72522d9cf82af,32.52063
北京,20191101,110000,d54712750f5c0ed5d4f4ceec41307afd,27.06641
北京,20191101,231000,d54712750f5c0ed5d4f4ceec41307afd,31.60002
北京,20191101,135000,9cafe670f8b0cc8593888b00a61e9914,34.6099
北京,20191101,102000,9e605ebe3cbe0f5df9b8749d538cec80,39.00475
北京,20191101,162000,9e605ebe3cbe0f5df9b8749d538cec80,40.69669
北京,20191101,172000,9e605ebe3cbe0f5df9b8749d538cec80,35.40652
北京,20191101,223000,a22bf30765c097fc8a129bccc612e003,33.19262
北京,20191101,061000,3d1f90e64b2d0fff6f558a2a783b2f94,41.8494
北京,20191101,231000,3d1f90e64b2d0fff6f558a2a783b2f94,41.66817
北京,20191101,203000,af5bc1cda996336b037518dfb49876a6,31.58014
北京,20191101,083000,7f8e1ba5a98ab6a73e36fdb68d6be828,30.57236
北京,20191101,045000,89aaf5527e64a4c1018a0a5c6435a5f9,41.45544
北京,20191101,010000,7e9a0bc13d540d0f31fa8cf0adc63d2b,39.01345
北京,20191101,222000,04b3f4206514bbad7038fc6f2c052d57,24.78416
北京,20191101,184000,74789ca1e1882024b781b3bc95f77ef4,43.93245
北京,20191101,033000,f75032fcf38a90e4ad3b5a311a5ac5af,36.68687
北京,20191101,120000,f75032fcf38a90e4ad3b5a311a5ac5af,34.13267
北京,20191101,154000,6e72ce26d3a26e0e549b34296d814676,41.64613
北京,20191101,035000,b15c63443ffb60a19da4aa0fa7a3eaea,40.19643
北京,20191101,151000,b15c63443ffb60a19da4aa0fa7a3eaea,33.98143
北京,20191101,052000,c112a2221871d8d943b2834e84dfe7c4,31.98388
北京,20191101,212000,4255ae4d0059dbf404503472c657d95c,32.26215
北京,20191101,232000,4255ae4d0059dbf404503472c657d95c,36.54675
北京,20191101,043000,a19b6157ff96edcc5057de29a1356eb1,50.40601
北京,20191101,171000,367ada49f38f2b3d399f648d968beee1,31.78398
北京,20191101,083000,f7becbf7a0d25a98ab65a5988c7bd2f2,30.0749
北京,20191101,222000,f7becbf7a0d25a98ab65a5988c7bd2f2,34.06056
北京,20191101,040000,4eaf06f7d58e8e8075bc742fff277073,41.21123
北京,20191101,224000,70907506fcba429f70703fbd5a885798,42.88964
北京,20191101,031000,bec3bd8cb4f9945d18e3c51f6edea172,53.23785
北京,20191101,154000,9ab050cbe6c6660ee7fabfa7a46d35d0,25.34974
北京,20191101,160000,dc6c66e8ee88d55443be6fcc31408808,39.10645
北京,20191101,023000,703739e4df8cca7a970d07fb89f6afb7,45.61443
北京,20191101,144000,4028f94769fb8bb07f4b66deea64cb8c,23.47707
北京,20191101,145000,4028f94769fb8bb07f4b66deea64cb8c,23.83124
北京,20191101,074000,4b75a29d5666d7a3c28b7a01696e5867,21.7171
北京,20191101,060000,922bb68789dd4d944dd57358c0f1f44c,40.58869
北京,20191101,234000,3486f7f9ef8323e309b8008b73c09b4e,40.10201
北京,20191101,114000,24c68f8473114c249bf9e929cb7c3276,30.9252
北京,20191101,104000,676ea4a00b13d14958b390ecf4075b70,37.70479
北京,20191101,101000,9af8db0743f4eb0047739bc05f001a57,33.33718
北京,20191101,131000,c6e76e99bcb1235aa5eb140abd0fc214,35.44723
北京,20191101,223000,0ddccc0c9f4752c6f48886a58154bc66,41.37923
北京,20191101,042000,5c06026a88fe13ef082e7e27d009833a,42.0557
北京,20191101,081000,5c06026a88fe13ef082e7e27d009833a,25.41768
北京,20191101,173000,5c06026a88fe13ef082e7e27d009833a,17.06887
北京,20191101,035000,a8478c687ffd07f34749c9a8120a9cc1,39.70772
北京,20191101,112000,df4bee3b0ca4f633066182fa15dbd749,32.40677
北京,20191101,102000,0e15ea1d49bc8a2ab6136cc125c2e707,28.92605
北京,20191101,210000,a17d6706d15aa2096d2e558e55f90e52,31.34725
北京,20191101,015000,797d8ba05fc7b1ac0e9c61080abe5c60,30.77477
北京,20191101,033000,797d8ba05fc7b1ac0e9c61080abe5c60,31.6443
北京,20191101,124000,c9900a0b40d159f86b4f3ce4db5a64d3,29.3112
北京,20191101,134000,c9900a0b40d159f86b4f3ce4db5a64d3,32.66767
北京,20191101,141000,c9900a0b40d159f86b4f3ce4db5a64d3,33.34066
北京,20191101,112000,92df27589d310fa129b52e4345dde42f,33.93252
北京,20191101,212000,92df27589d310fa129b52e4345dde42f,32.4514
北京,20191101,084000,e4efb55d7b6060d0263f57d9b39e1c1c,33.45978
北京,20191101,192000,e4efb55d7b6060d0263f57d9b39e1c1c,28.07422
北京,20191101,153000,5e9aeab0999dacf820c5f1778219582e,26.62067
北京,20191101,081000,ab51b7276abc66170c1022e1998cf46c,27.78953
北京,20191101,230000,7269746a7ae3a4031a176d4c7c2be1e1,45.47441
北京,20191101,112000,c8b7e6c61c2e2865b275c30c6d79a51c,35.50353
北京,20191101,165000,c8b7e6c61c2e2865b275c30c6d79a51c,23.42384
北京,20191101,141000,20b97ff2ea13badc697e143713f42c89,33.78214
北京,20191101,061000,d9e03caf5eaa62a95790f5feae5763f5,41.00753
北京,20191101,024000,571422f94b4ba829386aaf92f788f8c5,57.53465
北京,20191101,133000,571422f94b4ba829386aaf92f788f8c5,45.78341
北京,20191101,194000,02412cad83dae9d06fa8f11137b24acb,37.26916
北京,20191101,202000,02412cad83dae9d06fa8f11137b24acb,33.41679
北京,20191101,013000,1ea0505f38eeceea530e1e1a05a86681,40.43506
北京,20191101,050000,1ea0505f38eeceea530e1e1a05a86681,42.35816
北京,20191101,134000,1ea0505f38eeceea530e1e1a05a86681,36.68026
北京,20191101,012000,061e938b78b1c7cd284619ef5101f116,42.14184
北京,20191101,192000,061e938b78b1c7cd284619ef5101f116,18.48436
北京,20191101,003000,e4fd585ce5553ba5314d000daa19b406,46.28642
北京,20191101,011000,dfb7e95b0e2013fa5b457e79117b9582,34.52285
北京,20191101,035000,dfb7e95b0e2013fa5b457e79117b9582,35.52961
北京,20191101,112000,dfb7e95b0e2013fa5b457e79117b9582,30.89281
北京,20191101,191000,dfb7e95b0e2013fa5b457e79117b9582,26.95008
北京,20191101,040000,053911f7b02264951ee102009c1da103,33.43187
北京,20191101,034000,ce6efd1e93467b2a57c9c5ad7eb9a9c5,37.22606
北京,20191101,112000,4f6bf3c0c3748a92d5ace033e8c860aa,42.94048
北京,20191101,220000,4f6bf3c0c3748a92d5ace033e8c860aa,36.65962
北京,20191101,131000,90db84c6a81fc16532ef7610ca703c23,29.65989
北京,20191101,174000,4cb948db8208c3221626c74ffe11863c,26.59718
北京,20191101,012000,7aa622e9252e0aa0e1f2308be7f77cf0,35.73854
北京,20191101,122000,34ddfbd116608eee2ddd1aeac309fccd,42.34939
北京,20191101,132000,b20b8fe1a9552f7b1d2627bf0b4e9064,43.80436
北京,20191101,195000,b20b8fe1a9552f7b1d2627bf0b4e9064,42.05975
北京,20191101,061000,6508391cfb883c20e0e079743e1bfe69,44.86446
北京,20191101,150000,6508391cfb883c20e0e079743e1bfe69,37.53793
北京,20191101,164000,37df4c03f8139c435c56ab6f39088a7c,36.92102
北京,20191101,011000,ae59118d173f5baf16c2a4bd13c19f5c,33.19413
北京,20191101,033000,ae59118d173f5baf16c2a4bd13c19f5c,33.25572
北京,20191101,165000,159f8ad9cd35bafb7c58545019b9952d,36.75676
北京,20191101,190000,ec5ee7af92d130ec2577799f8ade18e0,38.52601
北京,20191101,000000,b2bd1dc4d9c880076793ab8ccf4d0a72,33.75618
北京,20191101,230000,b2bd1dc4d9c880076793ab8ccf4d0a72,29.39706
北京,20191101,191000,7c9fd9f5b25972f016235647b582ee0e,46.95909
北京,20191101,055000,4d9c5b2c6fecb58713800455212aa558,54.09734
北京,20191101,081000,149386316ef3f1bc610d5c227046744e,45.71189
北京,20191101,065000,b10296b290b5f4026443309530e9942e,41.24364
北京,20191101,061000,ec414207ac16a3e4a08ef1e9539cc48e,40.02047
北京,20191101,143000,96b0d79edeb56b84138082992d368734,33.3334
北京,20191101,013000,90ebe9333e5864dc38429f9b4db36ede,41.27451
北京,20191101,160000,90ebe9333e5864dc38429f9b4db36ede,37.54686
北京,20191101,053000,8ea54d578800c5a7a1046340a8ee2b24,34.51298
北京,20191101,173000,857a0033f4c4cca7304f3748a581bc07,37.06807
北京,20191101,134000,9dad6d21cdd5d809f1b3a91d9eb374c8,51.29426
北京,20191101,091000,e6424335555b20e4db5af214c7d0dfcb,47.73107
北京,20191101,123000,e6424335555b20e4db5af214c7d0dfcb,51.66335
北京,20191101,162000,e6424335555b20e4db5af214c7d0dfcb,52.2428
北京,20191101,220000,e6424335555b20e4db5af214c7d0dfcb,54.85196
北京,20191101,143000,2d165455159ec52e891c819149285c82,42.1366
北京,20191101,031000,1af338b53583589c93eaa070649fbd47,63.87633
北京,20191101,212000,1af338b53583589c93eaa070649fbd47,65.26591
北京,20191101,212000,37326a2222f6dcd81bb27f78702b2a3a,41.38047
北京,20191101,220000,f5b4b9ee692ae534f902545b39fda729,43.31216
北京,20191101,192000,6f33e29a678ded9db6869a3f15748df5,44.42485
北京,20191101,172000,470fa643106506e20ff4cc6dc1c46c0d,34.98751
北京,20191101,020000,aa1fb83b1226ab88275015a5fb88d79b,60.67482
北京,20191101,025000,f07ea2c45e8f1b4975a87e63df1785c6,40.4378
北京,20191101,033000,9060b5616a699001b0e5bcf38963942a,40
北京,20191101,000000,6c47b8bc93d97084d0257ea2dbed403c,47.87704
北京,20191101,225000,74556e68cde488fc1cbcfe65afe7ac70,36.72426
北京,20191101,110000,4e54ff2367981b03bdd786efe8960dcc,36.02913
北京,20191101,052000,bf40d0fd1bee9bd935b0a4a9ee3006a1,47.26585
北京,20191101,125000,bf40d0fd1bee9bd935b0a4a9ee3006a1,41.07774
北京,20191101,182000,35209a78a9daecba3679516f71a54244,37.69347
北京,20191101,195000,3ab47b3d67d1e704b9d640add8bb39a5,32.84447
北京,20191101,045000,524722ed2fcef8f9143c49dedf960b1e,40
北京,20191101,111000,c5dbfe20106f15c9753a3d6137c16d4a,37.92113
北京,20191101,001000,9ac924ae60e8c5b51014efc3725ae18d,38.6074
北京,20191101,135000,9ac924ae60e8c5b51014efc3725ae18d,38.27573
北京,20191101,205000,de2cd7c634696467e2a1d24074a1bca8,46.68117
北京,20191101,085000,73152797007a9459b4feacc425902cc0,47.4354
北京,20191101,021000,f848ca4251d9910db50f0eea54914d39,40
北京,20191101,223000,e35625aff553498287fc6f5d2bf71521,45.70182
北京,20191101,014000,50beea6aa08fbe5527c860e607d756cc,40
北京,20191101,174000,50beea6aa08fbe5527c860e607d756cc,42.62534
北京,20191101,200000,545d3fc9fe45c73fc8b0a45cd8e9b618,40.58433
北京,20191101,080000,0021dfecc67520bdf296b5040f6d64ab,37.44274
北京,20191101,054000,5f375657f87995f8880c98b6d98b3949,45.82413
北京,20191101,130000,5f375657f87995f8880c98b6d98b3949,38.95303
北京,20191101,195000,5f375657f87995f8880c98b6d98b3949,40
北京,20191101,054000,0fd3023e431e5700198a44da259f3bc0,45.92715
北京,20191101,033000,6e7dafd7959250809bb25d93a558997d,40
北京,20191101,065000,6e7dafd7959250809bb25d93a558997d,40.29847
北京,20191101,203000,6e7dafd7959250809bb25d93a558997d,58.59101
北京,20191101,042000,30d75890d946f721425797d0d25371bf,40
北京,20191101,165000,30d75890d946f721425797d0d25371bf,47.22633
北京,20191101,174000,30d75890d946f721425797d0d25371bf,40
北京,20191101,010000,96be176b7c48c7a7f9ff2d70c2f63c59,40
北京,20191101,105000,1e46cfb24e7c55eebbc8c3c8a0b56be2,39.57789
北京,20191101,091000,c1f6a2ba3b9a86cc6aa67d05027a83c0,34.70573
北京,20191101,133000,c1f6a2ba3b9a86cc6aa67d05027a83c0,39.15723
北京,20191101,213000,c1f6a2ba3b9a86cc6aa67d05027a83c0,37.37913
北京,20191101,025000,9b954bddaf739f7eb72c6427d86a2387,45.96976
北京,20191101,131000,1bc4c5a276c21b699e3af0ab8211aec4,39.33937
北京,20191101,133000,1bc4c5a276c21b699e3af0ab8211aec4,35.44968
北京,20191101,022000,f3b140da0748543ff6373132ca92109f,36.97184
北京,20191101,091000,35f4f4a32d1977c0e9f6b74c3f509670,25.0013
北京,20191101,223000,35f4f4a32d1977c0e9f6b74c3f509670,36.16809
北京,20191101,035000,481ed635c2cbc3134d143153fdf64031,42.16309
北京,20191101,070000,481ed635c2cbc3134d143153fdf64031,27.42233
北京,20191101,081000,6d8ab6a61d21add3e0fd3f89e57c4e83,34.78913
北京,20191101,231000,6d8ab6a61d21add3e0fd3f89e57c4e83,38.21847
北京,20191101,134000,39487de519725822bd2a96f5afdbed26,40.68684
北京,20191101,082000,f0a6fe35afc3dd2c5984a21e75429f07,46.61735
北京,20191101,120000,e472d5c946bf414fa1c226d9c203c667,51.86343
北京,20191101,074000,cd8e293455ac858fc3016fc73efdcbaa,16.0262
北京,20191101,205000,cd8e293455ac858fc3016fc73efdcbaa,37.08228
北京,20191101,212000,cd8e293455ac858fc3016fc73efdcbaa,42.58464
北京,20191101,094000,3b5a2ced115d43571ab1aef14ad5b674,31.16269
北京,20191101,111000,f06eb7064a1f75fdd5adb777e5b55ab3,36.14814
北京,20191101,025000,0c167a0fe7f80e28b4f80685654d0921,41.3052
北京,20191101,171000,0c167a0fe7f80e28b4f80685654d0921,33.51666
北京,20191101,125000,9123caa1bea2dc5dc8a37b88c9b06ef5,49.06867
北京,20191101,131000,9123caa1bea2dc5dc8a37b88c9b06ef5,46.41382
北京,20191101,012000,a8086fb7865eed1eb4cabafd8e6145b2,39.86824
北京,20191101,040000,888137868864a8bd7823a32573ab92e4,45
北京,20191101,235000,4c0d9e4ff50fe11bae25828fa6dc01a1,55.70822
北京,20191101,113000,1de97a3ab2378d4cdefc72abe432d17d,50.96707
北京,20191101,004000,3131e9818dc9bfc15d0b95a0c23fcc40,50.69143
北京,20191101,035000,3131e9818dc9bfc15d0b95a0c23fcc40,42.85984
北京,20191101,000000,ac01582f52d736445cb0e84b9d8bbc4f,49.60606
北京,20191101,091000,007067c4c81af0e48bddb490228e2df9,39.84544
北京,20191101,183000,2e16710c245451bcbbeb2eb28ede6c08,28.8693
北京,20191101,201000,2e16710c245451bcbbeb2eb28ede6c08,25.31709
北京,20191101,224000,2e16710c245451bcbbeb2eb28ede6c08,22.64853
北京,20191101,183000,883376658c169cddb39d4486ee0f0fba,48.44199
北京,20191101,234000,883376658c169cddb39d4486ee0f0fba,47.5671
北京,20191101,041000,2e6caabf8239d97d4ecc0f1ac894309f,39.77863
北京,20191101,080000,2e6caabf8239d97d4ecc0f1ac894309f,33.13215
北京,20191101,223000,2e6caabf8239d97d4ecc0f1ac894309f,39.23619
北京,20191101,045000,c2b039963f6052bdd5ac1ba01a1c3aa4,34.75907
北京,20191101,184000,c2b039963f6052bdd5ac1ba01a1c3aa4,29.5848
北京,20191101,014000,037039170ddc8122b121cc30573795cc,31.29382
北京,20191101,182000,037039170ddc8122b121cc30573795cc,27.35538
北京,20191101,234000,037039170ddc8122b121cc30573795cc,29.98267
北京,20191101,184000,dd98303902a109f4105232f3fae4f896,28.20074
北京,20191101,053000,fe055ac20094bd86ab131a4c8931632c,65.99564
北京,20191101,070000,fe055ac20094bd86ab131a4c8931632c,60.5777
北京,20191101,024000,f9d86424359aa8caee8e736e2d126459,47.17554
北京,20191101,220000,5bf51e88e2972f26ce80421a7828092e,29.47822
北京,20191101,022000,a6bdbe6dd574c72856a78c65ebd82657,36.16869
北京,20191101,230000,a6bdbe6dd574c72856a78c65ebd82657,33.45776
北京,20191101,000000,bbe978eb243bc46a9ac588c183bd2809,39.6098
北京,20191101,060000,ee1e27a0e20a30fc814dd399b55a27a7,35.86173
北京,20191101,054000,1b8396805ee4ea6b51f55a9a61d6079b,30.23237
北京,20191101,174000,1b8396805ee4ea6b51f55a9a61d6079b,25.8355
北京,20191101,133000,e32355472766f01db9c07900212b9a9f,31.39227
北京,20191101,095000,d75407b265478830fc8960fbe9b09eab,34.08028
北京,20191101,111000,d75407b265478830fc8960fbe9b09eab,34.75572
北京,20191101,115000,a0ab4cd446742af424a2e76acda1ade0,36.69703
北京,20191101,110000,1823fce7898224314cd3a9a4cde1e0ef,40.46006
北京,20191101,160000,5f2532a89e42613080e181ac8824274e,26.58504
北京,20191101,155000,6a17eb829e38eaa2105c4363bea1c249,33.06239
北京,20191101,165000,6a17eb829e38eaa2105c4363bea1c249,28.87937
北京,20191101,101000,9dd63a2194401669069001a98a518376,37.84753
北京,20191101,015000,d8dabb07b76679fe9d12f5baa6dea0da,42.05659
北京,20191101,064000,d8dabb07b76679fe9d12f5baa6dea0da,39.95166
北京,20191101,182000,d8dabb07b76679fe9d12f5baa6dea0da,31.82125
北京,20191101,055000,ca71eb96f087d566cb4d93efda75aaec,36.54598
北京,20191101,234000,ca71eb96f087d566cb4d93efda75aaec,36.73169
北京,20191101,133000,aab16afe84960cfdb132ec5e71cbbf35,35.42502
北京,20191101,135000,aab16afe84960cfdb132ec5e71cbbf35,35.26013
北京,20191101,222000,aab16afe84960cfdb132ec5e71cbbf35,21.85515
北京,20191101,033000,93e39795b31bcd594d5619241a8fbb8c,44.8041
北京,20191101,125000,93e39795b31bcd594d5619241a8fbb8c,36.38618
北京,20191101,150000,8901a0269e34422074d7e3b1ee1fe652,39.00105
北京,20191101,033000,56d6c566fe4e32d4b492a6782630feaa,36.04784
北京,20191101,080000,f4ca51ca1a9717813581fdba0225c6bd,29.85082
北京,20191101,155000,f4ca51ca1a9717813581fdba0225c6bd,27.90418
北京,20191101,112000,dbde826341209b5a1b6979559c78c47a,27.43264
北京,20191101,205000,56ad765f5473fe5a9f455d2c1280d6ce,33.78433
北京,20191101,030000,446511e84a084b1d30a3d5b1d196a9fc,49.54707
北京,20191101,002000,b03150d2d0aa8babb4b2b31f560bf354,38.73884
北京,20191101,215000,7ba5a327ecc91296090a2038b4073adb,57.29394
北京,20191101,131000,d2409d7e6d2e40cfeb2b66dc12f39de1,45.56152
北京,20191101,061000,58e30658667fdf9d22effbf22e6b3d29,52.86858
